category,star_rating,records,share
Communication,1,150,0.25
Communication,2,28,0.0467
Communication,3,36,0.06
Communication,4,47,0.0783
Communication,5,339,0.565
Education,1,98,0.1633
Education,2,23,0.0383
Education,3,25,0.0417
Education,4,66,0.11
Education,5,388,0.6467
Entertainment,1,264,0.44
Entertainment,2,35,0.0583
Entertainment,3,32,0.0533
Entertainment,4,40,0.0667
Entertainment,5,229,0.3817
Finance,1,179,0.2983
Finance,2,24,0.04
Finance,3,19,0.0317
Finance,4,51,0.085
Finance,5,327,0.545
Games,1,53,0.0883
Games,2,17,0.0283
Games,3,23,0.0383
Games,4,51,0.085
Games,5,456,0.76
Health & Fitness,1,224,0.3733
Health & Fitness,2,63,0.105
Health & Fitness,3,66,0.11
Health & Fitness,4,51,0.085
Health & Fitness,5,196,0.3267
Maps & Navigation,1,122,0.2033
Maps & Navigation,2,21,0.035
Maps & Navigation,3,20,0.0333
Maps & Navigation,4,25,0.0417
Maps & Navigation,5,412,0.6867
Music & Audio,1,131,0.2183
Music & Audio,2,42,0.07
Music & Audio,3,33,0.055
Music & Audio,4,41,0.0683
Music & Audio,5,353,0.5883
Productivity,1,287,0.4783
Productivity,2,47,0.0783
Productivity,3,28,0.0467
Productivity,4,40,0.0667
Productivity,5,198,0.33
Shopping,1,209,0.3483
Shopping,2,38,0.0633
Shopping,3,22,0.0367
Shopping,4,26,0.0433
Shopping,5,305,0.5083
