app_name,package_name,category,records,mean_rating,median_rating,one_star_rate,negative_rating_rate,positive_rating_rate,mean_text_length,median_text_length,p90_text_length,mean_helpful_count,median_helpful_count,reviews_with_helpful_votes_rate,developer_reply_rate,version_coverage_rate,oldest_review_timestamp,newest_review_timestamp,time_span_days
Amazon Shopping,com.amazon.mShop.android.shopping,Shopping,300,2.5,1.0,0.5433,0.6167,0.3467,158.02,97.5,419.2,2.973,1.0,0.5067,0.0,0.8667,2026-09-22T18:20:42+00:00,2026-09-25T09:07:38+00:00,2.62
Candy Crush Saga,com.king.candycrushsaga,Games,300,4.447,5.0,0.0733,0.11,0.8533,40.74,16.0,83.8,1.437,0.0,0.1533,0.0,0.7933,2026-09-23T20:51:23+00:00,2026-09-25T09:01:21+00:00,1.51
Cash App,com.squareup.cash,Finance,300,3.893,5.0,0.21,0.2433,0.7233,86.04,30.0,262.5,0.133,0.0,0.0533,0.9033,0.9133,2026-09-22T10:36:46+00:00,2026-09-25T08:24:12+00:00,2.91
Clash of Clans,com.supercell.clashofclans,Games,300,4.353,5.0,0.1033,0.1233,0.8367,49.01,15.0,130.0,0.297,0.0,0.0533,0.0,0.8333,2026-09-24T12:10:16+00:00,2026-09-25T09:12:51+00:00,0.88
Discord,com.discord,Communication,300,3.083,3.0,0.36,0.44,0.49,120.03,64.0,333.5,0.82,0.0,0.4333,0.4167,0.8367,2026-09-21T04:14:52+00:00,2026-09-23T08:25:20+00:00,2.17
Disney+,com.disney.disneyplus,Entertainment,300,1.53,1.0,0.7667,0.86,0.0867,161.41,115.5,381.4,0.263,0.0,0.19,0.1133,0.8733,2026-09-20T16:46:32+00:00,2026-09-25T09:07:42+00:00,4.68
Duolingo,com.duolingo,Education,300,4.363,5.0,0.0767,0.1133,0.84,68.6,32.5,172.3,1.383,0.0,0.46,0.0,0.8967,2026-08-29T08:15:57+00:00,2026-09-10T20:31:09+00:00,12.51
Etsy,com.etsy.android,Shopping,300,4.1,5.0,0.1533,0.2067,0.7567,95.72,51.5,240.5,0.07,0.0,0.06,0.01,0.9167,2026-09-15T17:36:43+00:00,2026-09-25T08:01:47+00:00,9.6
Evernote,com.evernote,Productivity,300,1.557,1.0,0.76,0.86,0.1033,207.97,177.0,467.3,4.13,1.0,0.5133,0.0167,0.8667,2026-07-30T04:31:53+00:00,2026-09-24T23:40:57+00:00,56.8
Google Maps,com.google.android.apps.maps,Maps & Navigation,300,4.127,5.0,0.1667,0.2067,0.7633,58.41,13.0,178.2,0.29,0.0,0.0567,0.1167,0.9833,2026-09-24T16:38:08+00:00,2026-09-25T09:12:32+00:00,0.69
Khan Academy,org.khanacademy.android,Education,300,3.713,5.0,0.25,0.29,0.6733,92.81,42.0,266.8,0.747,0.0,0.2433,0.1,0.7167,2026-06-04T03:55:43+00:00,2026-09-24T22:06:03+00:00,112.76
MyFitnessPal,com.myfitnesspal.android,Health & Fitness,300,2.563,2.0,0.4133,0.5467,0.31,161.44,115.5,383.0,1.85,0.5,0.5,0.94,0.8667,2026-09-03T16:22:00+00:00,2026-09-25T06:09:34+00:00,21.57
Netflix,com.netflix.mediaclient,Entertainment,300,4.253,5.0,0.1133,0.1367,0.81,47.19,20.0,123.3,0.027,0.0,0.0233,0.0,0.8367,2026-09-24T14:55:30+00:00,2026-09-25T09:15:00+00:00,0.76
Spotify,com.spotify.music,Music & Audio,300,4.013,5.0,0.1733,0.21,0.7367,67.74,24.0,191.1,0.197,0.0,0.1333,0.0967,0.8067,2026-09-24T21:41:36+00:00,2026-09-25T09:09:10+00:00,0.48
Strava,com.strava,Health & Fitness,300,3.21,4.0,0.3333,0.41,0.5133,93.37,40.0,269.4,0.49,0.0,0.2233,0.0,0.8633,2026-09-09T20:23:49+00:00,2026-09-25T08:03:03+00:00,15.49
Todoist,com.todoist,Productivity,300,3.827,5.0,0.1967,0.2533,0.69,112.8,53.0,331.0,2.437,1.0,0.5933,0.8967,0.85,2026-05-18T16:46:13+00:00,2026-09-25T05:32:44+00:00,129.53
Uber,com.ubercab,Maps & Navigation,300,3.82,5.0,0.24,0.27,0.6933,67.5,21.0,205.1,0.037,0.0,0.0333,0.0033,0.8733,2026-09-24T15:17:42+00:00,2026-09-25T09:10:56+00:00,0.75
Venmo,com.venmo,Finance,300,3.183,4.0,0.3867,0.4333,0.5367,107.8,52.5,309.6,0.337,0.0,0.2233,0.0067,0.8533,2026-09-21T11:06:27+00:00,2026-09-25T09:05:14+00:00,3.92
WhatsApp,com.whatsapp,Communication,300,4.24,5.0,0.14,0.1533,0.7967,35.61,13.0,74.1,0.067,0.0,0.0433,0.0,0.82,2026-09-25T06:56:22+00:00,2026-09-25T09:15:09+00:00,0.1
YouTube Music,com.google.android.apps.youtube.music,Music & Audio,300,3.463,5.0,0.2633,0.3667,0.5767,84.01,26.0,240.2,1.397,0.0,0.34,0.0,0.8733,2026-09-23T09:02:42+00:00,2026-09-25T09:15:06+00:00,2.01
