category,apps,records,mean_rating,median_rating,one_star_rate,negative_rating_rate,positive_rating_rate,mean_text_length,median_text_length,p90_text_length,mean_helpful_count,median_helpful_count,reviews_with_helpful_votes_rate,developer_reply_rate,version_coverage_rate,oldest_review_timestamp,newest_review_timestamp,time_span_days
Communication,2,600,3.662,5.0,0.25,0.2967,0.6433,77.82,25.0,233.0,0.443,0.0,0.2383,0.2083,0.8283,2026-09-21T04:14:52+00:00,2026-09-25T09:15:09+00:00,4.21
Education,2,600,4.038,5.0,0.1633,0.2017,0.7567,80.7,36.5,225.1,1.065,0.0,0.3517,0.05,0.8067,2026-06-04T03:55:43+00:00,2026-09-24T22:06:03+00:00,112.76
Entertainment,2,600,2.892,3.0,0.44,0.4983,0.4483,104.3,51.5,284.3,0.145,0.0,0.1067,0.0567,0.855,2026-09-20T16:46:32+00:00,2026-09-25T09:15:00+00:00,4.69
Finance,2,600,3.538,5.0,0.2983,0.3383,0.63,96.92,41.5,287.2,0.235,0.0,0.1383,0.455,0.8833,2026-09-21T11:06:27+00:00,2026-09-25T09:05:14+00:00,3.92
Games,2,600,4.4,5.0,0.0883,0.1167,0.845,44.88,16.0,108.2,0.867,0.0,0.1033,0.0,0.8133,2026-09-23T20:51:23+00:00,2026-09-25T09:12:51+00:00,1.51
Health & Fitness,2,600,2.887,3.0,0.3733,0.4783,0.4117,127.41,77.0,338.1,1.17,0.0,0.3617,0.47,0.865,2026-09-03T16:22:00+00:00,2026-09-25T08:03:03+00:00,21.65
Maps & Navigation,2,600,3.973,5.0,0.2033,0.2383,0.7283,62.95,16.0,193.3,0.163,0.0,0.045,0.06,0.9283,2026-09-24T15:17:42+00:00,2026-09-25T09:12:32+00:00,0.75
Music & Audio,2,600,3.738,5.0,0.2183,0.2883,0.6567,75.87,25.0,217.2,0.797,0.0,0.2367,0.0483,0.84,2026-09-23T09:02:42+00:00,2026-09-25T09:15:06+00:00,2.01
Productivity,2,600,2.692,2.0,0.4783,0.5567,0.3967,160.39,101.5,437.1,3.283,1.0,0.5533,0.4567,0.8583,2026-05-18T16:46:13+00:00,2026-09-25T05:32:44+00:00,129.53
Shopping,2,600,3.3,5.0,0.3483,0.4117,0.5517,126.87,65.0,366.2,1.522,0.0,0.2833,0.005,0.8917,2026-09-15T17:36:43+00:00,2026-09-25T09:07:38+00:00,9.65
